platform_id,time_delta_hours,contact_freq_7d,new_account_flag,graph_distance,phase,victim_id,label
2,0.2267,26,0,1,1,7,1
1,6.4806,13,0,0,1,1,1
2,40.1905,1,0,0,1,7,0
2,65.6815,7,0,1,1,3,0
0,75.0539,2,0,0,1,2,0
2,2.4743,22,0,0,1,7,1
2,1.5331,19,0,0,1,7,1
0,103.0737,5,0,1,1,2,0
1,0.4895,22,0,1,1,1,1
3,43.8187,7,0,0,1,9,0
0,0.8582,25,0,0,1,0,1
0,62.373,4,0,0,1,3,0
0,30.833,6,0,0,1,8,0
1,2.5031,19,0,1,1,1,1
2,0.4612,19,0,1,1,7,1
2,42.1031,6,0,0,1,7,0
3,5.8401,10,0,1,1,9,1
0,1.2725,27,0,0,1,0,1
3,1.096,27,0,0,1,6,1
0,23.0318,6,0,0,1,8,0
3,72.3451,6,0,1,1,9,0
3,62.2328,7,0,0,1,9,0
2,7.9206,8,1,0,1,5,1
2,23.7576,3,0,0,1,7,0
1,63.4607,8,0,0,1,1,0
3,78.195,7,0,1,1,9,0
3,2.4362,23,0,0,1,9,1
2,53.0466,4,0,0,1,4,0
0,81.3883,1,0,1,1,2,0
3,1.727,24,0,0,1,6,1
3,55.3016,8,0,0,1,9,0
3,0.1332,17,0,1,1,6,1
0,10.3239,4,0,1,1,8,0
2,67.9591,5,0,1,1,3,0
0,1.6928,30,0,0,1,0,1
3,1.1246,18,0,0,1,6,1
0,0.1495,23,0,0,1,8,1
1,2.7907,8,0,0,1,1,1
2,1.1692,33,0,1,1,4,1
1,1.7616,25,1,1,1,1,1
1,32.7601,5,0,0,1,7,0
1,1.1456,25,0,0,1,1,1
3,79.8183,6,0,0,1,9,0
2,1.2816,24,1,0,1,3,1
0,43.3564,5,1,0,1,0,0
1,3.2781,25,0,1,1,1,1
0,59.881,6,0,0,1,0,0
0,50.5688,7,0,0,1,0,0
0,2.9685,23,0,0,1,8,1
0,2.6143,25,0,1,1,0,1
1,65.8373,7,0,0,1,1,0
2,85.6862,7,0,0,1,3,0
0,77.0164,3,0,1,1,2,0
0,9.9675,12,0,1,1,8,1
2,48.6481,5,0,1,1,3,0
1,36.478,6,0,0,1,1,0
0,0.6592,20,0,0,1,2,1
0,52.8323,6,0,0,1,0,0
2,52.7182,1,0,0,1,4,0
1,59.1919,6,0,1,1,1,0
1,37.9638,8,0,0,1,9,0
2,75.8125,6,0,0,1,5,0
3,3.7435,7,1,0,1,6,1
3,1.8468,21,0,0,1,9,1
1,7.9968,13,1,0,1,1,1
0,65.9548,5,0,1,1,0,0
3,22.825,6,0,1,1,9,0
0,1.3221,31,0,0,1,0,1
2,0.4568,20,0,0,1,4,1
2,5.8515,4,0,0,1,7,0
2,1.2354,20,0,0,1,7,1
3,1.4932,27,0,0,1,6,1
2,75.4834,4,0,0,1,5,0
2,0.5803,21,0,0,1,5,1
3,74.2367,4,0,0,1,6,0
3,66.2938,6,0,0,1,6,0
2,1.1659,24,0,0,1,5,1
0,66.9332,7,0,0,1,1,0
3,0.1585,33,0,0,1,9,1
3,55.8608,5,0,0,1,9,0
2,7.345,13,0,0,1,3,1
1,66.4554,6,0,1,1,1,0
3,47.7624,11,0,0,1,9,0
2,60.0427,7,0,0,1,3,0
3,52.81,7,0,1,1,6,0
1,57.5518,6,0,0,1,1,0
2,0.8733,17,0,0,1,3,1
0,1.1982,28,0,0,1,8,1
3,2.3403,16,1,0,1,6,1
2,80.8597,4,0,0,1,5,0
2,46.0681,5,0,1,1,7,0
3,1.9764,19,0,0,1,9,1
2,4.8798,16,0,0,1,7,1
3,47.6944,4,0,1,1,6,0
0,29.4469,4,0,0,1,8,0
3,76.5641,5,0,1,1,6,0
1,3.1766,9,1,0,1,1,1
1,2.7498,30,0,0,1,1,1
0,0.411,24,0,1,1,8,1
1,46.076,5,0,0,1,0,0
2,54.4677,1,0,0,1,4,0
0,2.3291,24,0,0,1,8,1
3,69.1712,10,0,0,1,0,0
3,0.1803,24,0,1,1,6,1
3,63.5878,4,0,0,1,6,0
1,1.8773,21,0,0,1,1,1
3,45.3252,5,0,0,1,6,0
2,48.0511,2,0,1,1,4,0
3,1.2703,26,0,0,1,6,1
0,0.333,26,0,1,1,2,1
0,83.2398,4,0,1,1,2,0
0,26.8494,5,0,1,1,8,0
2,75.9934,6,0,2,1,6,0
0,2.3232,6,0,0,1,0,1
3,6.2834,10,0,0,1,9,1
1,56.5891,2,0,1,1,5,0
0,56.4606,1,0,0,1,4,0
2,0.4708,28,0,1,1,4,1
0,8.105,7,1,0,1,2,1
0,36.5518,6,0,0,1,0,0
2,1.383,29,0,0,1,4,1
2,84.1846,5,0,0,1,3,0
3,79.4059,6,0,0,1,6,0
2,89.3221,6,0,0,1,3,0
2,0.4673,21,0,0,1,4,1
2,7.1308,7,0,1,1,4,1
0,32.8198,5,1,0,1,8,0
2,55.3146,1,0,0,1,4,0
0,1.0,10,0,0,1,2,1
3,1.2248,23,0,0,1,6,1
0,34.6726,5,0,1,1,0,0
0,96.4691,1,0,0,1,2,0
3,0.1,25,0,0,1,9,1
2,0.2241,20,0,0,1,5,1
0,70.0014,3,0,0,1,2,0
1,64.4809,6,0,0,1,1,0
2,2.3784,14,0,0,1,3,1
0,1.508,23,0,1,1,0,1
0,10.3899,6,0,1,1,0,1
2,79.9951,5,0,1,1,5,0
1,0.6574,28,0,1,1,1,1
2,2.4134,20,0,0,1,4,1
3,1.2936,14,0,1,1,9,1
1,76.2122,7,0,1,1,1,0
2,72.6499,4,0,0,1,5,0
2,1.1561,30,0,0,1,5,1
0,3.8243,16,0,1,1,0,1
2,51.5466,3,0,0,1,4,0
2,1.2201,23,0,0,1,5,1
0,2.3921,26,0,1,1,8,1
0,27.7246,6,0,0,1,0,0
0,3.0721,7,0,0,1,2,1
0,39.5522,6,0,1,1,0,0
0,32.9285,6,1,0,1,0,0
3,55.198,5,0,0,1,9,0
2,40.8667,3,0,1,1,7,0
0,1.7946,27,0,1,1,0,1
2,0.6599,26,0,1,1,4,1
0,25.2736,6,0,1,1,8,0
2,89.1687,7,0,0,1,1,0
0,81.757,1,0,0,1,2,0
3,32.4396,4,0,0,1,6,0
0,1.7119,31,0,0,1,8,1
0,1.7147,22,0,0,1,0,1
0,1.0759,31,0,0,1,8,1
3,11.5265,16,0,1,1,9,1
0,48.6404,8,0,1,1,0,0
0,53.7452,7,1,0,1,0,0
3,2.7419,11,0,0,1,9,1
0,74.6031,1,0,0,1,2,0
0,2.0991,24,0,0,1,0,1
2,22.955,3,0,1,1,3,0
3,24.2888,3,0,1,1,9,0
0,1.7486,22,0,0,1,2,1
0,1.0,8,1,0,1,2,1
2,2.3776,25,0,0,1,3,1
2,1.2535,8,1,0,1,7,1
2,1.2068,28,0,1,1,3,1
0,1.7794,24,0,0,1,2,1
2,33.1207,3,0,0,1,7,0
2,8.2484,12,0,1,1,7,1
2,0.1,20,0,0,1,3,1
0,1.282,23,0,0,1,8,1
2,72.6221,2,0,2,1,5,0
3,52.7147,5,0,1,1,9,0
0,1.4229,24,0,0,1,2,1
2,1.2113,23,0,0,1,7,1
1,60.4072,9,0,1,1,1,0
2,0.8423,24,0,1,1,4,1
2,0.1,19,0,0,1,3,1
3,6.5531,16,0,0,1,9,1
2,45.1038,5,0,0,1,7,0
0,15.5281,4,0,0,1,8,0
2,54.2768,5,0,0,1,5,0
0,0.1,16,0,0,1,2,1
2,4.1324,7,1,0,1,4,1
0,1.1173,24,0,1,1,2,1
1,1.7915,23,0,0,1,1,1
2,44.1664,6,0,1,1,3,0
2,41.5735,5,0,0,1,7,0
3,8.6228,7,0,0,1,9,1
1,1.1311,28,0,0,1,1,1
2,0.1,23,0,0,1,4,1
2,70.9686,7,0,1,1,3,0
2,74.3198,4,0,1,1,3,0
2,54.0366,4,0,0,1,3,0
2,55.8734,3,0,0,1,4,0
1,51.2364,5,0,0,1,1,0
3,1.2517,27,0,0,1,9,1
2,0.5524,27,0,0,1,7,1
2,5.3648,11,0,1,1,5,1
0,0.1,19,0,0,1,2,1
2,66.5028,6,0,0,1,6,0
2,0.8456,24,0,0,1,5,1
2,99.5645,3,0,1,1,5,0
2,35.9779,3,0,0,1,7,0
2,23.7181,3,0,0,1,7,0
2,54.5863,5,0,0,1,4,0
2,0.781,26,0,0,1,7,1
2,53.7449,2,0,1,1,4,0
2,4.5293,7,0,0,1,7,1
2,73.3156,3,0,0,1,5,0
0,43.2585,4,0,0,1,0,0
2,76.9922,5,0,0,1,3,0
0,99.5329,2,0,0,1,2,0
2,20.9159,3,0,0,1,7,0
2,29.6008,1,0,0,1,4,0
3,18.0062,5,0,1,1,8,0
2,1.8069,8,0,0,1,5,1
1,71.3694,7,0,1,1,1,0
0,1.5081,26,0,1,1,2,1
1,1.7301,26,0,1,1,1,1
0,2.5259,21,0,1,1,8,1
0,3.4025,13,0,1,1,0,1
2,1.0,8,0,0,1,7,1
3,78.3361,5,0,0,1,6,0
3,0.83,29,0,0,1,6,1
2,10.1116,9,0,1,1,3,1
3,67.575,4,0,0,1,3,0
2,1.564,31,0,1,1,3,1
2,0.8898,20,0,0,1,7,1
2,82.3788,7,0,1,1,3,0
0,33.4088,6,0,1,1,8,0
1,40.6296,4,0,0,1,0,0
2,43.7409,2,0,0,1,7,0
0,49.5352,4,0,0,1,2,0
1,71.979,6,0,0,1,1,0
0,0.3226,33,0,0,1,0,1
1,59.6131,3,0,0,1,6,0
2,0.9001,28,1,0,1,3,1
3,1.2058,21,1,0,1,9,1
3,76.6047,1,0,0,1,5,0
3,0.6683,19,0,0,1,9,1
2,1.8001,34,0,0,1,3,1
2,0.1,26,0,0,1,5,1
0,34.0607,6,0,1,1,8,0
0,65.3687,2,0,0,1,2,0
2,20.1125,3,0,0,1,7,0
0,0.5336,21,0,0,1,2,1
0,13.6753,3,0,0,1,8,0
2,0.7766,24,0,1,1,5,1
0,84.6842,1,0,0,1,2,0
1,32.2241,4,0,1,1,7,0
1,80.5702,5,0,1,1,1,0
0,0.1263,22,0,0,1,2,1
2,10.4565,1,0,0,1,4,0
0,0.5386,24,0,0,1,8,1
1,41.4157,5,0,0,1,1,0
0,31.7859,4,0,1,1,8,0
0,92.7413,1,0,0,1,2,0
2,1.6787,27,0,1,1,3,1
2,1.0,6,0,1,1,4,1
1,51.3237,3,0,1,1,4,0
3,70.0668,5,0,1,1,6,0
2,0.9594,15,1,0,1,5,1
2,0.9926,24,0,1,1,7,1
2,1.6134,14,0,0,1,7,1
2,31.0483,4,0,0,1,7,0
2,2.0199,23,0,0,1,5,1
0,1.554,30,0,0,1,2,1
3,80.2029,6,0,1,1,6,0
2,1.5512,21,0,1,1,4,1
0,23.4416,4,0,1,1,8,0
2,0.1,30,0,0,1,4,1
0,1.9154,24,0,1,1,2,1
0,2.7144,27,1,0,1,8,1
2,1.2891,22,0,1,1,5,1
0,23.3822,4,0,0,1,8,0
2,7.4328,12,0,1,1,7,1
2,0.7048,21,0,0,1,5,1
2,2.2073,24,0,0,1,7,1
2,3.4477,22,0,0,1,5,1
2,0.7087,16,0,0,1,7,1
3,70.2383,3,1,0,1,6,0
0,2.2014,21,0,1,1,2,1
2,83.9596,6,0,1,1,3,0
3,0.3054,22,0,0,1,6,1
0,12.0842,7,0,0,1,8,0
3,0.6844,21,0,0,1,9,1
0,58.8631,5,0,0,1,9,0
1,11.5172,4,0,0,1,8,0
2,42.0361,2,0,0,1,4,0
3,0.707,18,0,0,1,6,1
2,60.9425,7,0,0,1,3,0
0,0.1,24,0,0,1,2,1
2,1.4923,27,0,0,1,3,1
2,4.2548,9,0,0,1,5,1
2,2.6899,27,0,1,1,4,1
0,1.0391,30,1,0,1,2,1
2,65.0542,3,0,0,1,2,0
3,1.8175,23,0,0,1,6,1
2,1.9327,23,1,1,1,4,1
0,18.5879,7,0,0,1,8,0
2,40.5604,2,0,0,1,7,0
0,94.7992,2,0,0,1,2,0
1,76.9786,3,0,0,1,5,0
0,1.6673,19,0,0,1,8,1
0,0.317,27,1,0,1,2,1
2,58.3192,4,0,0,1,7,0
3,0.9709,21,0,0,1,6,1
0,63.5581,2,0,0,1,2,0
3,0.2878,23,0,0,1,9,1
0,1.4102,26,1,1,1,0,1
3,0.1,21,0,0,1,9,1
1,59.8263,8,0,1,1,1,0
2,77.1565,1,0,0,1,5,0
1,0.846,31,0,0,1,1,1
2,44.5534,5,0,0,1,4,0
2,66.7733,5,0,0,1,3,0
2,2.7483,24,0,0,1,7,1
2,68.3083,4,0,0,1,3,0
0,27.8451,4,0,1,1,0,0
0,38.122,6,0,1,1,0,0
0,1.0564,22,0,1,1,0,1
2,62.3627,3,0,0,1,3,0
0,0.4144,17,0,1,1,2,1
1,29.8892,3,0,1,1,7,0
3,51.6472,8,0,0,1,6,0
2,1.0,7,0,0,1,4,1
1,48.3712,8,0,0,1,1,0
1,1.0475,30,1,1,1,1,1
2,2.351,23,1,1,1,4,1
3,1.2329,30,0,1,1,9,1
2,0.1775,33,0,0,1,7,1
2,0.1,19,0,0,1,3,1
0,7.4146,13,0,0,1,0,1
3,1.3684,32,0,0,1,9,1
0,9.4448,12,0,1,1,8,1
2,10.6556,14,0,0,1,4,1
2,0.8274,36,0,0,1,5,1
2,1.0,12,0,0,1,5,1
0,18.5958,8,0,1,1,8,0
0,1.8971,25,0,0,1,0,1
2,72.3286,5,0,0,1,5,0
0,0.1,18,1,1,1,8,1
0,6.7058,6,0,1,1,2,1
2,42.8764,1,0,2,1,4,0
0,10.3914,7,0,0,1,8,0
2,0.1,14,0,0,1,4,1
2,1.3622,21,1,0,1,3,1
1,39.9373,8,0,0,1,1,0
2,102.6712,2,0,1,1,5,0
2,0.1,25,0,1,1,4,1
0,42.0097,5,0,0,1,1,0
0,40.7475,3,0,0,1,0,0
0,7.4655,9,0,0,1,0,1
2,1.6065,25,0,1,1,5,1
3,1.0113,22,1,0,1,6,1
2,0.6606,20,1,0,1,4,1
0,28.0606,2,0,0,1,8,0
0,10.6073,11,0,0,1,0,1
0,12.0619,5,0,0,1,8,1
2,1.0683,15,0,0,1,4,1
2,64.1768,3,0,0,1,5,0
2,58.1557,3,0,0,1,5,0
2,72.0617,7,0,0,1,3,0
0,1.0,6,0,0,1,8,0
0,74.5734,4,0,0,1,2,0
1,1.421,17,0,1,1,1,1
1,72.7137,4,0,1,1,2,0
0,1.5176,24,0,0,1,2,1
3,56.431,6,0,0,1,9,0
0,0.1795,18,1,0,1,0,1
3,3.7968,11,0,0,1,6,1
3,45.0328,8,0,0,1,9,0
1,1.0563,25,0,1,1,1,1
3,0.1,26,0,1,1,6,1
0,4.9829,13,0,0,1,0,1
2,2.1602,25,0,0,1,3,1
0,1.0929,17,1,0,1,0,1
2,45.3481,4,0,1,1,7,0
3,60.5032,4,0,0,1,9,0
0,0.7385,24,0,0,1,8,1
3,46.5657,1,0,0,1,4,0
2,72.0922,2,0,0,1,5,0
0,1.0428,28,0,0,1,8,1
0,26.0344,6,0,1,1,8,0
3,2.2466,22,0,0,1,6,1
2,1.2224,23,0,0,1,4,1
2,1.2544,22,0,0,1,4,1
2,46.2042,1,0,0,1,4,0
2,1.4375,17,0,0,1,5,1
1,69.3973,8,0,0,1,9,0
2,1.2543,27,0,0,1,5,1
3,53.4235,5,0,0,1,9,0
3,2.6648,19,1,0,1,9,1
3,76.7459,4,0,0,1,6,0
2,34.6254,5,1,0,1,7,0
2,1.4592,20,0,0,1,5,1
2,0.8087,23,0,0,1,4,1
2,74.1378,5,0,0,1,3,0
0,1.5087,20,0,0,1,0,1
2,33.9669,4,0,0,1,4,0
0,38.2378,4,0,0,1,8,0
2,1.7521,26,0,0,1,3,1
2,76.8786,3,0,1,1,6,0
2,8.4274,10,0,0,1,5,1
0,1.7594,34,0,0,1,2,1
1,49.0722,7,0,0,1,1,0
2,29.8258,5,0,0,1,7,0
0,7.2382,11,0,1,1,0,1
0,6.8736,17,0,0,1,8,1
3,4.0105,8,0,0,1,9,1
0,65.9982,8,0,1,1,0,0
0,19.3737,8,0,1,1,8,0
1,8.8066,5,1,1,1,1,1
2,1.2692,26,0,0,1,4,1
2,47.9492,10,0,1,1,0,0
2,1.6402,20,0,1,1,5,1
0,0.4468,25,0,0,1,8,1
2,39.3463,6,0,1,1,7,0
1,0.489,24,0,0,1,1,1
3,2.7332,20,0,1,1,6,1
0,71.5193,6,0,2,1,9,0
1,1.1464,18,0,0,1,1,1
3,0.4679,26,1,0,1,6,1
2,3.045,9,0,1,1,5,1
2,0.7254,22,0,0,1,4,1
0,60.8012,5,0,0,1,0,0
3,1.5624,22,0,1,1,6,1
1,59.0861,7,0,0,1,1,0
2,13.4587,4,1,0,1,7,0
2,46.4901,5,0,0,1,5,0
2,0.6166,22,0,0,1,3,1
3,0.1,25,0,0,1,6,1
3,0.9375,14,0,0,1,9,1
0,72.4411,1,0,0,1,2,0
3,1.2088,28,0,0,1,6,1
3,1.4445,28,0,1,1,9,1
2,45.9532,7,0,0,1,6,0
2,37.2286,1,0,1,1,4,0
0,68.542,4,0,1,1,1,0
2,32.2968,4,0,0,1,7,0
1,57.678,7,0,1,1,1,0
3,1.0119,36,0,0,1,9,1
2,71.9861,4,0,1,1,3,0
0,2.3488,22,0,0,1,8,1
2,66.7815,9,0,0,1,3,0
3,0.1243,20,0,1,1,9,1
2,65.5546,6,0,1,1,3,0
2,7.8591,11,0,0,1,3,1
1,0.3532,23,0,0,1,1,1
0,0.9372,24,0,0,1,0,1
3,0.9908,24,0,0,1,6,1
2,61.0552,4,0,0,1,4,0
2,0.6281,31,0,1,1,5,1
0,43.3068,4,0,1,1,0,0
1,72.2121,3,0,1,1,6,0
3,0.2419,27,0,0,1,9,1
2,57.8297,7,0,0,1,3,0
2,104.1029,2,0,0,1,5,0
0,27.3545,3,0,0,1,8,0
2,78.2879,6,0,0,1,3,0
2,0.9837,26,0,0,1,7,1
2,62.7736,2,0,0,1,5,0
0,5.657,10,0,0,1,8,1
1,68.6232,6,0,0,1,6,0
2,54.0906,3,0,0,1,5,0
3,77.0766,6,0,0,1,6,0
0,1.082,32,0,0,1,2,1
0,76.676,1,0,0,1,2,0
2,1.9899,30,0,0,1,3,1
2,1.6633,31,0,1,1,7,1
1,67.7304,8,1,0,1,1,0
2,2.1835,20,0,0,1,7,1
1,2.1183,14,1,0,1,1,1
3,0.3584,26,1,0,1,9,1
3,59.3358,3,0,1,1,6,0
2,45.6451,5,0,0,1,4,0
3,63.8871,6,0,0,1,9,0
0,1.3265,28,1,0,1,2,1
3,1.1528,36,0,0,1,9,1
0,0.5496,22,0,0,1,0,1
2,83.3165,6,0,0,1,3,0
2,77.0848,6,0,1,1,1,0
0,0.1,25,0,0,1,2,1
2,77.7685,6,0,0,1,5,0
3,59.3569,2,0,1,1,6,0
0,17.25,2,0,0,1,8,0
0,0.7043,26,0,1,1,2,1
2,27.59,4,0,1,2,7,0
2,52.7213,8,0,2,2,1,0
3,31.37,4,0,0,2,7,0
2,76.8468,4,0,0,2,3,0
0,17.8275,5,0,1,2,2,1
2,6.3975,12,0,1,2,7,1
3,39.597,3,0,0,2,7,0
3,76.0883,1,0,1,2,2,0
1,15.3897,12,0,1,2,1,1
3,3.8655,18,0,1,2,9,1
0,8.8034,15,0,1,2,0,1
2,6.7803,13,1,1,2,3,1
0,13.6751,10,1,1,2,8,1
0,56.4643,7,0,0,2,1,0
1,33.0771,4,0,1,2,7,0
2,7.7367,14,0,1,2,7,1
3,7.7394,23,0,1,2,9,1
0,5.567,13,0,1,2,0,1
1,77.2836,3,0,1,2,6,0
0,7.9953,18,0,1,2,8,1
0,77.1208,7,0,0,2,9,0
3,11.3955,15,0,1,2,9,1
2,80.7509,7,1,0,2,5,0
2,23.8874,5,0,1,2,7,0
1,2.0,13,0,1,2,1,1
3,15.2587,16,0,1,2,9,1
3,13.9624,10,0,1,2,9,1
1,39.1911,1,0,1,2,4,0
0,10.6273,13,1,1,2,2,1
2,61.1586,7,0,1,2,6,0
3,14.9654,7,0,1,2,9,1
3,6.5736,17,0,1,2,6,1
0,8.9566,18,0,1,2,8,1
2,9.1135,9,0,1,2,3,1
0,41.4249,7,0,1,2,0,0
1,74.9218,4,0,0,2,6,0
0,9.3176,7,0,1,2,8,1
3,63.5554,7,0,0,2,1,0
2,7.7009,16,0,1,2,4,1
1,72.1404,8,0,1,2,1,0
3,36.8431,4,0,0,2,7,0
1,77.1682,7,0,0,2,1,0
3,11.135,17,1,1,2,9,1
2,85.0468,3,0,0,2,3,0
3,32.3625,4,0,0,2,0,0
1,48.5825,7,0,1,2,1,0
0,11.2778,15,0,1,2,0,1
0,12.2929,8,0,1,2,0,1
0,15.4883,7,0,1,2,8,1
0,11.1181,17,0,1,2,0,1
1,62.9826,7,0,1,2,1,0
2,11.021,17,0,1,2,3,1
0,10.1068,18,0,1,2,2,1
0,7.4579,16,0,1,2,8,1
2,9.7597,21,0,1,2,3,1
1,5.7713,21,0,1,2,1,1
0,9.5881,10,0,1,2,2,1
0,35.8996,7,0,0,2,0,0
2,4.1495,15,0,1,2,4,1
1,72.7859,6,0,1,2,1,0
1,65.0696,4,0,1,2,9,0
0,71.9612,1,0,0,2,5,0
2,71.0481,5,0,0,2,6,0
1,57.3943,8,0,1,2,9,0
2,84.6325,8,0,1,2,1,0
0,37.1791,8,0,0,2,0,0
3,11.0361,21,0,1,2,9,1
0,38.4242,7,0,0,2,0,0
2,62.8572,3,0,0,2,4,0
2,9.6987,13,0,1,2,7,1
2,11.896,14,0,1,2,7,1
3,54.3019,2,0,1,2,6,0
2,9.4682,21,0,1,2,5,1
2,9.7105,15,0,1,2,5,1
3,9.5542,14,1,1,2,6,1
3,6.7731,19,0,1,2,6,1
2,3.4548,23,0,1,2,5,1
3,56.4046,3,0,0,2,1,0
2,68.3033,7,1,1,2,9,0
0,53.4661,5,0,1,2,9,0
2,25.6874,9,0,1,2,3,1
1,59.6221,9,0,0,2,1,0
0,59.4164,6,0,1,2,9,0
2,59.8944,8,0,0,2,3,0
3,4.6585,16,0,1,2,6,1
1,2.4753,18,0,1,2,1,1
2,6.7355,12,0,1,2,3,1
2,20.7961,4,0,1,2,8,0
1,85.5386,8,0,0,2,6,0
0,65.7199,2,0,1,2,5,0
2,12.4924,24,0,1,2,7,1
1,56.6015,7,0,1,2,9,0
2,2.1364,13,0,1,2,7,1
3,2.0,15,0,1,2,6,1
2,14.2647,4,0,0,2,8,0
3,8.1263,15,0,1,2,6,1
1,6.5062,20,0,1,2,1,1
1,7.9063,14,0,1,2,1,1
3,26.505,4,0,1,2,8,0
0,33.21,6,0,0,2,0,0
3,51.4483,5,0,1,2,4,0
3,27.4455,7,0,1,2,8,0
2,63.8092,5,0,2,2,0,0
3,4.2215,20,0,1,2,6,1
3,6.0406,10,0,1,2,6,1
2,42.2125,9,0,1,2,1,0
2,69.308,1,0,1,2,6,0
0,54.4227,2,0,0,2,4,0
3,10.8648,16,0,1,2,6,1
0,8.7167,7,0,1,2,2,1
0,5.0359,13,0,1,2,2,1
1,20.6681,4,0,0,2,8,0
0,63.9991,5,1,0,2,6,0
1,35.0444,7,0,0,2,0,0
1,47.803,7,0,0,2,9,0
2,61.9848,4,0,0,2,5,0
3,39.3889,3,0,0,2,4,0
0,53.6782,2,0,0,2,4,0
0,20.8095,11,0,1,2,2,1
0,2.7323,21,0,1,2,0,1
1,44.6885,4,0,0,2,4,0
2,18.9752,7,1,1,2,3,1
3,14.0781,14,0,1,2,6,1
2,13.4067,23,0,1,2,3,1
2,8.3169,10,0,1,2,4,1
2,10.133,11,0,1,2,4,1
2,28.5208,5,0,0,2,8,0
3,36.2193,2,0,0,2,4,0
3,57.8063,4,0,2,2,2,0
3,2.8674,10,0,1,2,6,1
0,10.8107,10,0,1,2,0,1
0,59.763,3,0,0,2,2,0
1,49.6728,7,0,1,2,9,0
2,2.0,22,0,1,2,5,1
0,17.7318,7,0,1,2,2,1
1,54.3103,8,1,1,2,1,0
2,6.5699,11,0,1,2,3,1
0,10.1844,17,0,1,2,0,1
3,55.561,4,0,0,2,0,0
2,11.3758,15,0,1,2,5,1
1,2.0,15,1,1,2,1,1
2,60.8131,1,0,0,2,4,0
2,64.9768,6,0,1,2,9,0
2,79.5774,8,0,1,2,1,0
2,15.4487,9,0,1,2,5,1
2,80.3939,5,0,1,2,5,0
0,10.0552,8,0,1,2,0,1
2,65.2841,2,0,0,2,4,0
1,83.5421,3,1,0,2,5,0
0,7.9937,16,0,1,2,8,1
0,13.9775,10,0,1,2,0,1
0,29.9564,5,0,1,2,2,1
1,24.8719,5,0,0,2,0,0
0,8.3472,10,1,1,2,0,1
3,14.6062,9,0,1,2,9,1
2,5.6309,2,0,2,2,7,0
2,46.8718,7,0,0,2,0,0
2,5.565,21,0,1,2,4,1
0,11.3914,13,0,1,2,8,1
0,71.093,5,0,2,2,1,0
0,14.7064,19,0,1,2,2,1
3,2.0,10,0,1,2,6,1
0,3.313,14,0,1,2,8,1
0,70.0845,6,0,1,2,0,0
0,36.7261,5,0,0,2,8,0
0,53.541,4,0,0,2,9,0
0,11.841,8,0,1,2,0,1
0,12.3663,18,0,1,2,0,1
3,16.0904,13,0,1,2,9,1
0,6.9891,15,1,1,2,2,1
0,2.3118,13,0,1,2,0,1
1,70.9516,7,0,0,2,3,0
3,35.5882,5,0,0,2,9,0
2,79.4705,3,0,0,2,2,0
0,16.1293,12,0,1,2,2,1
2,2.5275,23,0,1,2,3,1
3,39.0953,5,0,0,2,7,0
2,11.1603,10,0,1,2,3,1
3,69.067,1,0,2,2,2,0
2,2.131,12,0,1,2,7,1
2,27.896,3,0,0,2,7,0
2,13.5257,9,0,1,2,3,1
2,48.7497,5,0,1,2,8,0
1,78.8863,4,0,0,2,5,0
3,17.3939,11,1,1,2,9,1
1,91.5801,3,0,1,2,2,0
2,8.7213,11,0,1,2,7,1
1,40.6811,7,0,0,2,1,0
2,7.3588,22,0,1,2,4,1
2,3.1413,19,0,1,2,3,1
3,59.4935,7,0,1,2,9,0
2,2.7398,10,0,1,2,7,1
0,21.5709,8,1,1,2,8,1
2,4.3073,11,0,1,2,5,1
2,66.9198,3,0,0,2,2,0
2,12.6319,15,0,1,2,4,1
2,117.6843,1,0,0,2,2,0
1,10.2017,11,0,1,2,1,1
2,7.7153,10,0,1,2,3,1
2,9.088,13,1,1,2,7,1
3,73.6228,3,0,0,2,9,0
0,66.5684,8,0,1,2,1,0
3,39.856,3,0,2,2,4,0
2,2.0,16,0,1,2,3,1
2,9.1272,18,0,1,2,3,1
2,6.7161,16,0,1,2,3,1
2,3.903,16,0,1,2,4,1
0,64.3989,7,0,1,2,1,0
0,65.1437,3,0,0,2,9,0
2,5.0634,10,0,1,2,7,1
2,6.4869,12,0,1,2,5,1
0,10.5805,13,1,1,2,2,1
3,45.1183,4,0,0,2,6,0
2,17.198,6,0,1,2,5,1
2,75.6029,4,0,0,2,5,0
2,31.8447,4,0,0,2,7,0
0,17.9583,2,0,1,2,7,0
1,66.2872,3,0,0,2,4,0
2,5.7262,16,0,1,2,7,1
2,49.8899,1,0,0,2,4,0
2,4.3836,13,0,1,2,7,1
2,14.1884,16,0,1,2,5,1
3,54.8717,4,0,0,2,0,0
2,9.0933,25,0,1,2,3,1
2,76.4296,2,0,0,2,2,0
2,4.4022,15,0,1,2,7,1
1,48.9387,3,0,0,2,4,0
0,11.1408,11,0,1,2,8,1
2,75.291,4,0,1,2,5,0
1,11.904,26,0,1,2,1,1
0,10.9028,19,0,1,2,2,1
1,7.0889,19,0,1,2,1,1
0,7.2576,19,0,1,2,8,1
0,9.0918,16,0,1,2,0,1
2,20.2091,10,1,1,2,7,1
3,7.0519,19,0,1,2,6,1
1,100.3969,2,0,0,2,6,0
2,17.4203,11,0,1,2,3,1
2,11.7102,19,0,1,2,3,1
2,2.0,12,0,1,2,3,1
2,5.9582,11,0,1,2,7,1
2,6.7826,13,0,1,2,3,1
0,8.5385,15,0,1,2,8,1
0,13.6942,20,0,1,2,0,1
2,11.3768,21,0,1,2,7,1
0,7.5513,22,0,1,2,2,1
2,62.1543,7,0,0,2,1,0
1,60.0302,4,0,1,2,0,0
3,6.2716,16,0,1,2,6,1
2,2.0,11,0,1,2,3,1
3,8.4886,11,0,1,2,9,1
3,51.116,2,0,0,2,5,0
3,44.0236,5,0,1,2,9,0
2,76.3533,9,0,0,2,3,0
2,3.2507,15,0,1,2,5,1
3,14.4033,5,0,1,2,8,0
0,6.8719,13,0,1,2,2,1
2,2.3539,23,1,1,2,7,1
1,75.3047,1,0,2,2,2,0
0,5.0387,16,0,1,2,8,1
2,15.1425,20,1,1,2,5,1
3,87.3198,3,0,0,2,2,0
2,8.9042,22,0,1,2,7,1
1,13.7633,16,0,1,2,1,1
3,73.2415,2,0,0,2,2,0
3,91.7183,1,0,1,2,4,0
0,4.9875,19,0,1,2,8,1
1,10.3788,15,0,1,2,1,1
0,2.255,24,0,1,2,8,1
0,93.2176,2,0,1,2,2,0
0,69.6571,8,0,0,2,3,0
2,10.3798,13,0,1,2,4,1
2,12.4703,22,0,1,2,4,1
3,10.0048,16,0,1,2,6,1
2,11.6343,17,0,1,2,5,1
0,25.8243,3,0,0,2,7,0
0,40.301,4,0,1,2,7,0
2,7.3195,19,0,1,2,7,1
1,110.0282,3,0,1,2,5,0
3,56.7068,4,0,2,2,2,0
3,5.2898,13,0,1,2,6,1
2,7.1556,17,0,1,2,4,1
0,8.4508,22,0,1,2,8,1
2,35.6539,1,0,2,2,4,0
0,9.6098,14,0,1,2,2,1
3,9.6979,4,0,0,2,8,0
0,81.4942,4,0,0,2,5,0
0,49.6115,3,0,0,2,8,0
0,36.6095,6,0,0,2,7,0
2,9.1811,9,0,1,2,5,1
3,40.2175,2,1,1,2,7,0
0,62.6203,5,0,0,2,5,0
2,13.0082,16,0,1,2,7,1
3,7.6865,15,0,1,2,6,1
0,5.5665,10,0,1,2,2,1
2,13.1018,9,0,1,2,3,1
3,50.1885,5,0,1,2,6,0
0,11.5368,18,1,1,2,8,1
3,8.2967,12,1,1,2,9,1
1,50.4673,7,0,0,2,9,0
0,3.6022,20,0,1,2,8,1
3,59.9688,3,0,0,2,4,0
3,19.5427,11,0,1,2,6,1
1,64.3618,4,0,0,2,3,0
2,68.6991,2,0,2,2,2,0
0,62.2836,7,0,0,2,3,0
2,20.0951,13,0,1,2,5,1
2,9.5981,15,0,1,2,4,1
0,7.8016,21,0,1,2,2,1
0,8.5312,10,0,1,2,2,1
0,96.748,6,0,0,2,6,0
0,20.1494,2,0,0,2,4,0
0,33.1818,4,1,0,2,8,0
1,42.0715,3,0,2,2,7,0
0,9.0268,19,0,1,2,2,1
2,7.7865,20,0,1,2,5,1
0,6.9597,18,0,1,2,8,1
2,86.4468,1,0,1,2,2,0
2,10.4586,21,0,1,2,7,1
3,11.5427,21,0,1,2,6,1
0,10.2462,17,0,1,2,2,1
3,2.0,13,0,1,2,9,1
0,4.3417,16,0,1,2,0,1
3,15.6945,15,0,1,2,9,1
1,8.2248,15,1,1,2,1,1
1,64.6984,4,0,0,2,5,0
1,6.8636,24,0,1,2,1,1
2,14.5276,7,0,1,2,4,1
1,100.11,6,0,0,2,3,0
2,5.4016,17,0,1,2,7,1
2,63.299,8,0,1,2,3,0
2,40.7894,8,0,1,2,0,0
0,9.0777,7,0,1,2,0,1
0,16.5312,9,0,1,2,0,1
2,8.0701,12,0,1,2,3,1
0,9.1284,17,0,1,2,2,1
2,9.5043,10,0,1,2,7,1
3,15.1398,14,0,1,2,6,1
0,60.1644,1,0,0,2,4,0
1,7.051,11,0,1,2,1,1
1,3.6313,17,0,1,2,1,1
2,5.3265,20,0,1,2,4,1
3,43.3609,5,0,1,2,9,0
0,41.8842,3,0,0,2,7,0
2,17.6898,14,0,1,2,3,1
0,7.7539,19,0,1,2,0,1
3,2.6269,22,0,1,2,9,1
0,1.2337,7,0,1,2,8,0
2,10.2884,18,0,1,2,4,1
1,76.8777,2,0,0,2,5,0
3,98.9454,4,0,0,2,5,0
2,33.0916,7,0,1,2,8,0
0,2.0,11,0,1,2,0,1
2,9.3052,16,0,1,2,5,1
1,11.2272,4,0,1,2,8,0
2,76.6916,3,0,0,2,2,0
2,13.3528,20,1,1,2,4,1
0,4.2571,11,0,1,2,8,1
1,39.7455,3,0,0,2,4,0
2,17.4105,8,0,1,2,3,1
3,63.4982,9,0,0,2,1,0
2,45.3263,4,0,0,2,5,0
1,52.0318,2,0,1,2,4,0
1,8.5529,20,0,1,2,1,1
0,12.4546,13,0,1,2,0,1
0,5.4206,17,0,1,2,0,1
3,81.7358,4,0,0,2,5,0
3,9.5282,19,0,1,2,6,1
2,2.0,12,0,1,2,4,1
0,9.6155,10,0,1,2,8,1
3,52.7345,9,0,1,2,0,0
0,23.3611,6,0,1,2,8,1
2,38.7716,3,0,1,2,4,0
3,83.4172,1,0,1,2,5,0
1,79.0672,3,0,1,2,5,0
3,50.9829,5,0,1,2,3,0
0,14.6381,14,0,1,2,8,1
0,18.5817,6,0,1,2,2,1
1,12.5411,19,0,1,2,1,1
0,2.0,11,0,1,2,2,1
0,7.0686,24,0,1,2,2,1
3,5.169,10,0,1,2,9,1
0,7.712,21,0,1,2,0,1
0,33.1609,4,0,0,2,6,0
3,6.7335,15,0,1,2,9,1
2,51.8029,7,0,0,2,1,0
3,78.679,7,0,0,2,6,0
0,33.376,7,0,1,2,0,0
3,51.9599,7,0,0,2,3,0
0,9.9188,17,0,1,2,0,1
2,7.3551,24,0,1,2,7,1
3,8.0198,17,0,1,2,9,1
1,34.4294,4,0,1,2,8,0
2,12.8899,8,0,1,2,4,1
2,2.0236,16,0,1,2,5,1
2,27.0967,5,0,1,2,8,0
1,7.9493,4,0,1,2,8,0
3,9.2994,15,0,1,2,6,1
2,20.3262,8,0,1,2,4,1
2,10.8538,18,1,1,2,4,1
3,47.0139,1,0,0,2,4,0
2,8.3652,20,0,1,2,5,1
3,13.7361,18,0,1,2,9,1
2,68.967,3,0,1,2,5,0
0,59.5588,7,0,0,2,9,0
3,4.9258,14,1,1,2,9,1
3,17.1583,10,0,1,2,6,1
2,12.5651,12,0,1,2,7,1
0,54.2668,4,0,0,2,5,0
0,54.8099,2,0,2,2,4,0
2,6.6838,15,0,1,2,3,1
0,8.3415,10,0,1,2,0,1
0,46.3416,3,0,0,2,4,0
0,6.4408,16,1,1,2,8,1
0,69.8076,6,0,1,2,3,0
1,71.0934,7,0,1,2,6,0
2,9.4006,7,0,1,2,5,1
0,4.7433,17,0,1,2,2,1
0,56.6694,7,1,0,2,1,0
2,47.1735,3,1,0,2,7,0
1,72.7362,4,0,0,2,0,0
0,4.0614,16,0,1,2,8,1
2,66.0589,7,0,0,2,9,0
3,61.3017,6,0,2,2,0,0
2,44.7379,5,0,1,2,8,0
1,2.0,17,0,1,2,1,1
2,15.3661,8,0,1,2,4,1
2,56.0858,3,0,0,2,0,0
2,9.4338,12,0,1,2,5,1
0,16.9656,10,0,1,2,8,1
2,20.6218,9,0,1,2,7,1
1,13.6843,20,0,1,2,1,1
3,11.253,16,1,1,2,6,1
3,17.1498,10,0,1,2,9,1
1,66.7688,3,0,1,2,1,0
3,91.4235,5,0,0,2,6,0
3,72.6646,2,0,1,2,5,0
2,32.47,4,0,0,2,4,0
0,8.0165,17,0,1,2,0,1
3,5.7967,23,0,1,2,6,1
1,10.8849,22,0,1,2,1,1
2,17.3398,9,0,1,2,7,1
2,3.9437,11,0,1,2,5,1
2,18.5466,9,0,1,2,3,1
3,8.4036,14,0,1,2,6,1
3,13.6339,10,0,1,2,9,1
1,61.5105,3,0,1,2,2,0
3,17.6756,9,0,1,2,6,1
0,68.4581,8,0,0,2,9,0
3,3.2024,10,0,1,2,6,1
2,4.6059,12,0,1,2,4,1
1,2.0,13,0,1,2,1,1
2,9.7454,5,0,0,2,7,0
1,11.1152,14,0,1,2,1,1
0,59.9697,6,0,1,2,9,0
2,2.3459,10,1,1,2,3,1
3,27.2675,4,0,1,2,8,0
2,4.0209,12,0,1,2,3,1
3,8.9694,11,1,1,2,9,1
2,4.9605,20,0,1,2,3,1
2,3.6298,18,0,1,2,3,1
1,6.2345,17,0,1,2,1,1
0,9.3478,13,0,1,2,0,1
3,12.8227,17,0,1,2,6,1
3,18.0756,3,0,0,2,4,0
2,9.6554,14,0,1,2,5,1
0,47.0556,4,0,0,2,0,0
3,7.5373,17,0,1,2,6,1
3,7.7697,14,0,1,2,9,1
2,6.7988,20,0,1,2,3,1
2,4.9919,15,0,1,2,5,1
0,12.7005,2,0,0,2,8,0
2,6.9846,19,0,1,2,3,1
1,25.8397,3,0,1,2,7,0
3,86.6166,3,0,0,2,5,0
0,10.6159,17,0,1,2,8,1
0,55.1935,4,0,0,2,6,0
2,14.8279,8,0,1,2,5,1
0,34.8745,4,0,0,2,6,0
0,10.3613,16,0,1,2,2,1
0,8.0382,12,0,1,2,2,1
2,18.2765,12,0,1,2,3,1
2,37.739,4,0,0,2,7,0
3,46.7241,8,0,0,2,1,0
2,4.1517,14,1,1,2,7,1
3,74.9371,6,1,0,2,1,0
3,11.9657,13,1,1,2,9,1
1,84.5115,5,0,1,2,6,0
2,10.2078,10,0,1,2,4,1
3,5.4434,13,0,1,2,9,1
2,83.3634,2,0,0,2,2,0
2,46.3385,7,0,0,2,9,0
1,56.147,8,1,0,2,0,0
2,13.361,18,0,1,2,3,1
1,7.3089,11,0,1,2,1,1
3,84.1522,2,0,0,2,2,0
2,82.1069,3,0,0,2,5,0
3,15.4078,6,0,1,2,6,1
0,5.4957,15,1,1,2,8,1
0,4.3182,22,0,1,2,2,1
5,10.9311,7,1,2,3,7,1
2,13.5229,17,1,2,3,1,1
4,25.1762,7,0,1,3,7,0
0,13.7908,15,1,2,3,3,1
3,8.8956,12,1,2,3,2,1
0,2.8608,21,1,2,3,7,1
3,38.4161,2,0,2,3,7,0
5,18.6258,11,1,1,3,2,1
2,2.9895,11,1,2,3,1,1
5,12.3446,13,1,2,3,9,1
1,16.1441,16,1,2,3,0,1
4,57.2337,4,0,1,3,3,0
5,29.9918,5,1,2,3,8,1
0,1.0,22,1,2,3,1,1
0,5.1224,17,1,2,3,7,1
0,1.5428,10,1,2,3,7,1
5,10.8362,9,0,2,3,9,1
2,20.5975,12,0,2,3,0,1
4,81.6328,5,1,1,3,6,0
2,11.02,17,1,2,3,8,1
1,10.9692,14,1,1,3,9,1
5,62.0259,7,0,2,3,9,0
0,93.5611,3,1,1,3,5,0
5,30.3931,2,0,0,3,7,0
4,14.2734,7,1,2,3,1,1
2,18.9609,3,0,0,3,9,0
0,18.1976,21,1,2,3,9,1
3,15.6066,4,0,1,3,4,1
1,10.1708,7,1,2,3,2,1
1,9.9017,18,1,1,3,6,1
4,16.6819,20,1,2,3,9,1
5,10.5921,12,1,2,3,6,1
4,6.6368,14,1,2,3,8,1
3,9.6948,14,1,1,3,3,1
4,17.5106,10,1,2,3,0,1
5,12.2654,14,1,2,3,6,1
5,48.2276,4,0,1,3,8,0
0,14.6112,15,1,2,3,1,1
4,4.3087,16,1,2,3,4,1
0,2.0,11,1,1,3,1,1
3,3.0863,16,1,2,3,7,1
4,10.8502,18,1,2,3,1,1
4,6.4147,6,1,2,3,9,1
5,44.59,5,1,0,3,3,0
3,64.471,7,1,2,3,0,0
0,6.821,13,1,1,3,1,1
5,48.3454,7,0,2,3,0,0
0,7.6109,7,0,0,3,0,0
2,20.6984,11,1,2,3,8,1
1,40.7529,8,0,1,3,0,0
0,1.0,16,1,2,3,1,1
0,65.1759,5,0,0,3,3,0
5,17.7801,13,0,2,3,2,1
5,20.9161,4,1,2,3,8,1
4,3.1508,16,1,2,3,3,1
4,8.3605,13,1,1,3,1,1
4,72.4823,3,0,1,3,2,0
4,1.771,16,1,2,3,0,1
3,7.614,18,1,2,3,4,1
0,95.3674,7,0,1,3,1,0
0,9.3523,12,1,2,3,9,1
1,19.0082,17,1,2,3,5,1
1,49.5936,5,0,1,3,6,0
2,11.3789,22,1,1,3,9,1
1,75.2661,6,1,1,3,1,0
5,42.8115,5,0,1,3,0,0
0,9.6357,13,1,1,3,9,1
3,17.7063,12,1,1,3,0,1
5,15.3289,8,1,1,3,4,1
0,46.4595,3,0,1,3,7,0
4,13.7096,17,1,2,3,7,1
5,11.3449,9,0,1,3,6,1
0,12.3334,9,1,2,3,5,1
0,4.36,20,1,2,3,5,1
5,4.8852,15,1,2,3,6,1
0,45.3099,4,0,2,3,6,0
5,66.9966,2,0,2,3,5,0
0,12.8416,13,1,2,3,1,1
2,9.2823,7,1,2,3,9,1
2,2.3204,9,1,2,3,9,1
5,9.7963,17,1,2,3,3,1
0,10.7773,16,1,1,3,1,1
0,12.5241,13,1,2,3,9,1
5,3.2785,13,1,2,3,3,1
4,83.989,2,0,0,3,6,0
4,12.3902,10,0,1,3,1,1
3,59.1454,5,0,0,3,3,0
3,4.5922,6,0,1,3,8,0
5,88.97,7,1,1,3,6,0
4,59.9562,3,0,0,3,5,0
2,28.968,4,0,0,3,7,0
5,8.1299,15,0,2,3,9,1
0,11.1186,12,1,2,3,7,1
0,81.6693,5,0,1,3,6,0
2,8.3684,14,1,2,3,8,1
1,5.6514,12,1,2,3,6,1
3,19.0602,11,1,1,3,1,1
3,58.8894,8,0,1,3,1,0
4,12.0418,10,1,1,3,8,1
5,18.0591,10,0,2,3,0,1
1,1.0,16,1,2,3,4,1
3,9.3744,9,1,2,3,8,1
2,5.6245,10,1,1,3,0,1
2,6.3677,7,1,2,3,6,1
1,58.5873,5,1,0,3,6,0
0,5.6731,17,1,2,3,1,1
0,72.2626,3,1,2,3,6,0
3,13.5319,13,1,2,3,4,1
0,6.9522,11,1,2,3,6,1
4,15.3782,21,1,2,3,2,1
1,6.8048,10,0,1,3,2,1
4,28.8858,4,0,2,3,8,1
4,23.7258,6,1,2,3,6,1
5,10.7615,17,1,2,3,0,1
5,16.9198,13,1,2,3,9,1
2,65.8107,5,0,0,3,5,0
5,8.734,20,1,2,3,4,1
5,6.4041,13,1,2,3,4,1
2,12.6841,26,1,2,3,2,1
3,12.5383,18,1,2,3,0,1
5,3.982,10,1,2,3,4,1
1,7.3276,11,1,2,3,3,1
3,51.6484,7,0,0,3,6,0
4,15.0526,12,1,2,3,3,1
1,17.2217,9,1,2,3,4,1
3,32.6328,1,0,1,3,4,0
3,13.0713,16,0,2,3,8,1
5,18.5214,15,0,2,3,4,1
3,11.3991,24,1,2,3,2,1
2,13.7882,16,1,2,3,6,1
3,11.609,7,1,2,3,0,1
0,70.5646,5,1,2,3,2,0
1,17.2985,11,0,1,3,9,1
2,76.0967,4,0,0,3,5,0
3,68.1149,5,0,2,3,2,0
5,22.2241,10,0,2,3,1,1
4,26.8812,8,0,2,3,3,1
3,22.8516,8,1,2,3,0,1
5,36.3268,7,0,1,3,0,0
1,8.2874,12,0,2,3,5,1
2,48.4665,7,0,2,3,1,0
5,1.0,7,0,2,3,4,1
0,13.0297,11,1,1,3,9,1
2,1.0,13,1,2,3,1,1
0,81.5353,6,0,1,3,5,0
0,13.0956,14,1,2,3,5,1
4,12.1536,15,0,2,3,0,1
4,83.1688,3,0,0,3,4,0
3,91.0273,5,0,1,3,5,0
4,12.3854,18,1,2,3,8,1
4,72.2476,8,0,2,3,0,0
4,8.8243,10,1,1,3,2,1
5,52.8862,8,0,1,3,0,0
4,15.0102,14,1,2,3,0,1
1,8.5078,17,1,2,3,9,1
5,18.0915,13,1,2,3,7,1
4,10.0597,9,0,1,3,0,1
1,16.9923,6,1,2,3,4,1
1,8.3624,7,0,1,3,8,0
0,57.3309,7,0,0,3,1,0
4,6.6857,13,1,2,3,2,1
4,10.5896,7,1,2,3,6,1
0,39.5116,6,0,1,3,8,0
2,14.3424,7,1,1,3,0,1
4,42.2598,5,0,0,3,8,0
0,52.3112,7,0,0,3,9,0
3,1.4477,12,1,2,3,0,1
5,29.6069,11,1,1,3,0,1
1,49.0481,6,0,1,3,9,0
3,9.9582,11,1,2,3,2,1
4,11.9602,23,1,2,3,0,1
2,43.4471,4,0,2,3,3,0
2,22.3771,13,1,2,3,9,1
1,14.8748,7,0,2,3,2,1
2,7.1428,15,1,2,3,2,1
2,105.2993,7,0,1,3,3,0
0,4.6895,14,1,2,3,7,1
4,15.3582,7,1,2,3,3,1
3,30.3077,10,1,2,3,2,1
1,18.1783,5,0,0,3,7,0
4,10.0734,11,1,1,3,7,1
2,75.1371,6,0,1,3,3,0
2,9.0681,7,1,2,3,8,1
1,57.4975,3,0,2,3,5,0
1,6.9642,16,1,2,3,9,1
2,62.262,4,0,1,3,2,0
5,4.607,14,1,2,3,7,1
3,9.7472,19,1,1,3,1,1
3,9.4825,21,1,2,3,4,1
0,7.766,15,1,2,3,3,1
2,8.4725,18,1,1,3,9,1
1,13.0936,2,0,1,3,7,0
3,10.7314,14,1,2,3,8,1
3,2.6043,8,0,2,3,5,1
2,78.8167,3,0,0,3,2,0
3,44.5548,3,0,1,3,4,0
1,13.0434,15,1,2,3,2,1
0,6.3864,11,0,2,3,1,1
4,18.6195,17,1,2,3,3,1
0,7.7228,8,1,2,3,7,1
5,8.8714,9,1,2,3,9,1
2,5.1833,10,1,2,3,1,1
1,22.1526,14,1,1,3,4,1
0,74.1208,5,0,2,3,3,0
2,66.8246,4,0,1,3,3,0
1,3.008,16,1,2,3,3,1
1,19.7774,17,0,2,3,4,1
0,77.6517,5,0,2,3,1,0
3,39.3055,7,0,1,3,9,0
5,9.3565,10,1,2,3,7,1
5,95.0987,6,0,2,3,5,0
5,82.9979,1,0,1,3,2,0
1,86.2726,5,0,0,3,6,0
5,58.4268,1,0,0,3,5,0
5,15.8339,15,1,1,3,5,1
4,18.7809,9,0,2,3,7,1
1,39.9146,2,0,1,3,7,0
1,11.0262,8,1,1,3,4,1
3,7.4454,13,1,1,3,7,1
3,8.224,6,0,2,3,4,1
5,25.5075,5,0,1,3,7,0
4,7.8986,11,0,1,3,5,1
5,6.3601,19,1,2,3,0,1
4,60.8286,7,0,0,3,3,0
4,9.0939,17,1,2,3,2,1
4,16.1461,12,1,2,3,7,1
5,20.0913,12,1,2,3,4,1
3,5.4813,21,1,2,3,8,1
1,8.7747,14,0,2,3,5,1
3,14.4789,16,1,1,3,1,1
1,8.8116,13,1,2,3,2,1
5,100.3725,9,0,2,3,1,0
4,5.9029,19,1,2,3,8,1
1,8.9191,14,0,2,3,0,1
3,2.0,8,1,1,3,7,1
4,4.4598,12,1,2,3,6,1
4,23.9734,8,0,1,3,6,1
3,83.7805,7,0,0,3,3,0
0,13.5558,15,1,2,3,3,1
1,67.9782,6,0,1,3,3,0
0,9.2867,8,1,2,3,7,1
5,9.3132,12,1,2,3,3,1
4,19.079,6,0,1,3,8,0
1,19.5908,7,1,2,3,0,1
5,9.7571,13,1,2,3,7,1
2,74.8064,2,0,1,3,2,0
3,7.3157,10,1,2,3,1,1
2,3.0294,17,1,1,3,0,1
3,58.7154,5,1,1,3,6,0
1,9.619,16,1,2,3,3,1
3,67.2737,6,0,1,3,9,0
3,3.2862,17,1,2,3,5,1
4,20.4752,12,1,1,3,9,1
5,8.4984,20,0,2,3,3,1
4,18.6328,8,1,1,3,5,1
1,6.3357,10,1,2,3,8,1
2,30.9754,9,1,2,3,2,1
2,37.6061,5,0,0,3,7,0
3,11.6585,14,1,1,3,2,1
1,40.0286,11,1,1,3,8,1
2,66.5767,4,1,0,3,5,0
4,1.1909,13,1,2,3,2,1
5,12.9416,3,0,1,3,7,0
5,16.4355,11,1,1,3,1,1
2,60.3495,4,0,0,3,2,0
2,48.354,1,0,2,3,4,0
4,4.107,10,1,2,3,8,1
2,94.7373,5,0,2,3,1,0
2,14.5763,15,1,2,3,8,1
4,6.4125,13,1,2,3,2,1
1,9.1391,16,0,2,3,3,1
0,6.7702,8,1,2,3,4,1
1,23.0555,12,1,2,3,4,1
0,24.7092,5,0,1,3,6,0
0,86.4493,5,0,2,3,5,0
0,22.0265,10,0,1,3,7,1
0,7.369,17,1,2,3,7,1
5,29.855,5,0,2,3,7,0
3,12.7199,12,1,1,3,5,1
0,63.7689,3,0,2,3,2,0
5,57.0891,6,0,0,3,6,0
3,8.8155,12,1,2,3,4,1
1,13.4022,17,1,2,3,8,1
3,23.8178,3,0,0,3,4,0
1,88.4447,1,0,1,3,2,0
2,9.7547,7,1,2,3,8,1
3,9.9211,9,1,2,3,5,1
4,28.4934,8,0,2,3,8,1
5,2.0,8,1,1,3,7,1
4,68.2135,2,0,1,3,5,0
4,6.496,11,1,2,3,7,1
0,3.1409,13,1,1,3,5,1
0,7.4222,7,0,0,3,7,0
1,14.1607,13,1,2,3,6,1
4,9.8344,12,1,2,3,2,1
4,11.7097,9,1,1,3,3,1
0,72.4402,5,0,2,3,6,0
1,19.4019,5,0,1,3,8,0
2,2.7768,4,0,2,3,9,1
4,20.2198,9,1,2,3,9,1
5,4.4424,9,1,1,3,8,1
5,54.4387,5,0,2,3,4,0
3,77.4095,3,0,1,3,6,0
5,23.0252,8,1,1,3,3,1
3,86.6789,5,0,2,3,2,0
3,7.7307,9,1,2,3,3,1
3,13.6946,9,1,1,3,5,1
4,68.7252,1,0,1,3,4,0
3,62.7513,1,0,2,3,2,0
1,64.7641,1,0,0,3,2,0
5,69.4374,3,1,0,3,6,0
5,8.9989,18,1,2,3,4,1
5,1.0,6,0,1,3,8,0
3,5.899,20,1,2,3,7,1
3,101.518,2,0,1,3,2,0
2,61.8443,4,0,1,3,5,0
4,19.7208,11,1,1,3,8,1
2,6.8725,19,1,2,3,2,1
0,14.2988,9,0,2,3,7,1
0,12.3775,12,1,2,3,6,1
3,4.9788,10,1,1,3,2,1
2,12.832,15,1,2,3,9,1
4,32.8796,6,0,0,3,0,0
3,34.3359,6,1,1,3,9,0
4,38.7938,9,1,1,3,1,0
3,15.7629,10,0,2,3,5,1
5,11.8106,10,1,1,3,1,1
0,31.4425,9,0,2,3,4,1
1,17.4665,21,1,2,3,3,1
0,33.0644,6,0,2,3,7,0
5,81.4466,7,0,0,3,3,0
5,38.6236,3,1,2,3,0,0
4,26.2686,5,1,1,3,0,0
1,3.7461,12,1,2,3,0,1
3,27.7165,7,0,1,3,3,1
5,23.1272,4,1,1,3,2,1
3,42.6283,6,0,2,3,7,0
2,15.1403,7,1,2,3,6,1
4,5.8185,17,1,2,3,4,1
5,60.5498,8,0,1,3,1,0
5,12.8236,13,0,2,3,1,1
3,47.4361,2,0,1,3,4,0
2,14.9232,22,1,2,3,9,1
0,1.5372,12,1,2,3,7,1
2,77.961,7,0,0,3,3,0
5,11.7085,12,1,1,3,0,1
1,9.4327,19,1,2,3,9,1
5,13.6726,12,1,2,3,8,1
4,4.6265,15,1,1,3,4,1
1,2.6951,16,1,2,3,5,1
1,16.9004,10,0,2,3,5,1
0,42.1724,7,0,2,3,8,0
5,52.5888,6,0,1,3,0,0
1,57.1458,3,1,2,3,5,0
1,16.9276,6,0,1,3,8,0
3,8.4329,9,1,2,3,2,1
0,68.9812,1,0,2,3,4,0
1,9.0081,12,1,2,3,8,1
4,29.8113,4,1,0,3,4,0
0,86.9909,7,0,0,3,3,0
5,65.8223,6,0,1,3,1,0
3,69.6179,7,1,0,3,5,0
0,48.2739,1,0,1,3,4,0
0,65.1625,8,1,0,3,1,0
4,40.8128,7,0,1,3,0,0
1,8.2628,15,1,2,3,0,1
4,13.0147,12,1,1,3,5,1
1,76.2602,10,0,0,3,6,0
4,27.2399,4,0,2,3,4,0
4,11.2958,19,1,2,3,8,1
0,67.1424,6,0,0,3,0,0
5,10.9517,4,0,0,3,8,0
1,9.0445,7,1,1,3,4,1
4,5.4498,18,1,2,3,5,1
1,6.3477,13,1,2,3,5,1
3,7.8327,14,1,2,3,3,1
2,4.7521,17,1,2,3,8,1
2,3.6646,10,1,2,3,2,1
1,16.7781,9,0,1,3,1,0
4,77.5677,1,1,1,3,2,0
1,11.8967,9,1,2,3,2,1
4,79.4955,7,0,0,3,9,0
5,45.7156,7,0,0,3,0,0
2,18.5937,13,1,1,3,6,1
4,48.7441,6,0,1,3,9,0
4,10.6489,10,1,2,3,1,1
5,56.3224,5,0,2,3,6,0
2,22.3264,7,0,1,3,0,0
1,11.9899,11,1,2,3,3,1
0,54.3688,7,0,0,3,0,0
5,48.5305,2,0,1,3,7,0
4,4.2814,17,1,2,3,9,1
4,41.4099,4,1,2,3,8,0
0,9.319,9,1,2,3,4,1
5,6.403,20,0,2,3,5,1
1,13.0041,21,1,1,3,8,1
1,15.3863,14,1,1,3,8,1
2,14.6265,15,1,2,3,6,1
3,15.4121,13,1,1,3,4,1
4,9.3562,10,1,2,3,4,1
0,15.5834,15,1,2,3,4,1
4,1.0,14,1,2,3,5,1
0,93.0923,9,0,0,3,9,0
4,12.9181,12,0,2,3,5,1
4,48.5396,5,1,1,3,9,0
0,56.566,6,0,0,3,9,0
3,83.5327,4,0,0,3,6,0
0,8.5645,16,1,1,3,7,1
1,9.0593,10,0,2,3,5,1
1,9.8421,9,1,2,3,4,1
5,8.8286,13,1,1,3,3,1
4,11.0116,11,1,2,3,0,1
0,4.3512,8,0,2,3,4,1
1,23.284,8,1,2,3,8,1
1,5.0422,9,1,2,3,3,1
2,90.6302,7,0,0,3,6,0
4,6.1464,12,0,2,3,5,1
2,6.2566,15,1,2,3,2,1
3,16.1216,11,1,1,3,1,1
0,9.8999,18,1,2,3,7,1
3,12.0262,12,1,1,3,0,1
5,19.3394,5,0,2,3,8,0
4,27.1198,9,1,1,3,9,1
3,4.8075,8,0,2,3,0,1
1,9.9196,21,1,2,3,8,1
0,54.8208,5,0,1,3,1,0
0,6.2051,17,1,2,3,4,1
4,10.5838,15,1,2,3,0,1
5,74.0183,4,0,0,3,5,0
4,29.0589,6,0,2,3,8,0
0,8.8253,10,0,2,3,7,1
2,54.2481,10,0,1,3,1,0
0,62.5295,7,0,1,3,6,0
5,31.7873,13,1,1,3,9,1
0,60.4212,7,0,2,3,1,0
1,1.0,8,0,2,3,6,1
2,87.8385,5,0,0,3,5,0
5,17.4578,19,1,2,3,4,1
1,20.9722,5,0,2,3,0,0
4,2.0307,16,1,2,3,6,1
0,6.4574,12,1,2,3,1,1
4,2.9469,9,1,2,3,7,1
0,13.2537,14,1,2,3,5,1
3,8.1431,9,1,2,3,3,1
0,8.0207,12,1,2,3,6,1
2,6.1457,12,1,1,3,9,1
5,10.6314,11,0,2,3,2,1
5,1.2489,9,1,2,3,6,1
0,63.646,5,0,1,3,9,0
0,9.1717,9,0,2,3,6,1
3,32.8037,4,0,0,3,4,0
5,10.1284,13,1,2,3,1,1
5,17.0867,14,1,2,3,7,1
0,64.0725,11,1,1,3,1,0
2,53.3825,6,1,0,3,9,0
4,66.2177,8,0,2,3,3,0
2,26.3476,3,0,1,3,8,0
5,24.4109,13,1,2,3,3,1
0,12.2753,7,1,2,3,9,1
3,4.5638,13,1,2,3,3,1
2,71.2993,5,0,1,3,3,0
0,16.06,14,0,2,3,1,1
5,64.3972,8,0,0,3,0,0
5,5.8815,16,1,2,3,6,1
0,26.5154,1,0,0,3,4,0
3,7.2661,15,1,2,3,5,1
5,80.4281,6,0,0,3,0,0
3,44.2072,5,0,0,3,6,0
5,1.0,18,1,2,3,9,1
4,61.8433,8,0,2,3,3,0
4,19.1887,13,1,1,3,5,1
4,4.3159,19,1,2,3,8,1
2,90.9924,8,1,0,3,3,0
1,58.4947,3,0,0,3,7,0
5,4.8351,9,1,2,3,5,1
1,16.3849,16,1,2,3,8,1
2,13.3111,12,1,2,3,6,1
1,81.0829,4,0,1,3,5,0
5,45.8703,6,0,1,3,6,0
3,79.736,1,0,0,3,2,0
0,74.7297,3,0,0,3,2,0
4,1.0,12,1,2,3,3,1
4,17.7949,11,1,2,3,7,1
5,71.954,3,0,2,3,1,0
4,15.5086,5,0,0,3,7,0
0,15.0851,18,0,2,3,1,1
4,17.2306,4,0,1,3,9,1
1,13.7656,15,1,2,3,6,1
0,25.2045,4,0,2,3,4,0
5,62.471,6,0,1,3,9,0
5,48.5414,1,0,1,3,2,0
2,5.8805,14,1,1,3,9,1
3,10.8313,14,1,2,3,0,1
3,18.6751,9,1,2,3,3,1
4,19.6253,5,0,2,3,1,1
1,75.398,2,0,1,3,2,0
3,10.3679,12,1,1,3,5,1
3,83.8289,8,0,1,3,6,0
4,3.5346,10,1,1,3,8,1
5,8.0942,18,0,2,3,2,1
3,32.1293,3,1,2,4,7,1
4,45.1442,6,1,2,4,1,1
2,67.4171,7,0,2,4,7,1
3,94.6071,6,0,2,4,3,0
4,60.2006,4,1,2,4,2,1
1,8.0,4,0,2,4,7,1
0,42.4673,8,1,2,4,7,1
5,87.791,2,0,2,4,2,0
0,31.9632,4,1,2,4,1,1
2,67.4754,4,0,1,4,9,0
1,56.1236,3,1,2,4,0,1
0,13.2476,6,1,2,4,3,1
2,25.089,4,0,0,4,8,0
5,46.4159,6,0,2,4,1,1
0,49.7494,4,0,0,4,7,0
4,51.5057,9,0,2,4,7,1
2,30.9631,5,0,2,4,9,1
4,31.7729,4,0,2,4,0,1
5,67.2384,5,1,2,4,6,0
0,24.3597,5,1,2,4,8,1
2,45.1306,2,1,2,4,9,1
0,58.0511,6,0,1,4,9,0
3,25.1305,7,1,2,4,5,1
4,39.8053,3,1,2,4,7,1
5,40.9165,9,0,0,4,1,0
1,71.1091,8,1,2,4,9,1
1,38.8586,4,0,1,4,9,0
5,70.6566,7,1,2,4,4,1
4,30.4999,3,1,2,4,2,1
1,43.4301,4,0,2,4,6,1
2,24.5285,5,0,2,4,9,1
0,48.7448,4,1,2,4,6,1
4,34.7449,3,1,2,4,8,1
2,80.3417,6,1,2,4,3,1
5,31.7834,3,0,2,4,0,1
1,53.0325,4,0,2,4,6,0
4,76.1678,3,1,2,4,8,1
5,41.7333,2,1,2,4,1,1
0,80.0479,3,1,2,4,4,1
1,16.8679,2,1,2,4,1,1
3,55.3365,5,1,2,4,7,1
1,48.1783,2,0,2,4,1,1
5,14.7159,2,1,2,4,9,1
2,65.7983,5,0,2,4,3,1
2,6.9191,6,0,2,4,0,1
5,67.6443,6,0,0,4,1,0
2,55.8026,4,1,2,4,0,1
2,49.4396,6,1,2,4,0,1
5,5.28,5,0,1,4,8,0
5,60.2506,4,1,2,4,0,1
2,20.0581,3,1,2,4,1,1
1,96.0293,6,0,0,4,3,0
5,14.5109,5,1,2,4,2,1
5,50.9836,4,0,0,4,8,0
4,85.827,7,0,0,4,3,0
3,81.7371,9,0,2,4,1,0
4,28.0557,6,1,2,4,2,1
1,29.9338,7,0,2,4,0,1
3,63.3283,6,0,2,4,4,1
5,78.6507,7,1,1,4,1,0
0,63.9866,8,1,2,4,9,1
0,88.8745,5,0,1,4,5,0
2,5.0847,2,1,2,4,6,1
2,21.3572,4,1,2,4,9,1
0,24.9863,6,1,2,4,1,1
1,50.4697,7,0,1,4,0,0
3,84.4038,6,0,1,4,9,0
2,75.0605,6,0,0,4,0,0
0,24.0858,3,1,2,4,4,1
0,40.8632,6,1,2,4,7,1
2,55.1302,4,0,2,4,7,0
4,40.9011,3,1,2,4,6,1
3,27.8392,3,1,2,4,5,1
1,43.6526,4,1,2,4,5,1
2,80.3752,6,0,1,4,6,0
3,79.5609,5,0,2,4,6,0
4,42.9524,4,1,2,4,5,1
4,36.7304,3,1,2,4,1,1
3,51.6146,7,1,2,4,9,0
1,21.8058,6,1,2,4,9,1
3,69.2794,5,0,0,4,3,0
4,93.4348,5,0,2,4,1,0
5,47.9293,4,0,2,4,9,1
5,19.5009,2,1,2,4,3,1
4,53.2489,4,1,2,4,6,1
4,77.4315,6,0,1,4,1,0
1,49.5605,8,1,2,4,3,1
4,23.7028,5,0,0,4,8,0
3,48.109,7,1,2,4,6,1
3,54.5078,4,0,1,4,5,0
5,18.9499,5,0,2,4,7,0
3,59.5015,9,1,2,4,9,0
3,45.4467,2,0,2,4,7,0
4,5.0,5,0,2,4,6,1
1,39.5171,2,1,2,4,8,1
3,69.2701,6,0,2,4,6,0
0,26.0281,7,0,2,4,1,1
5,87.101,6,1,2,4,1,1
1,56.543,8,1,2,4,8,1
4,32.123,2,0,2,4,0,1
3,49.0181,4,1,0,4,4,0
5,6.4897,6,0,2,4,8,0
0,13.4481,2,1,2,4,0,1
2,75.7585,4,1,2,4,6,0
5,85.8242,5,0,1,4,6,0
4,75.9797,2,1,2,4,1,1
4,39.4283,7,1,2,4,6,1
3,48.0611,5,1,2,4,4,1
0,89.0197,4,0,2,4,6,0
0,84.156,3,0,2,4,2,0
1,34.1779,4,1,2,4,2,1
1,37.3771,4,1,2,4,8,1
3,8.3448,2,0,2,4,6,1
3,55.1998,6,0,2,4,0,1
3,51.727,5,0,1,4,9,0
0,31.3993,3,1,2,4,5,1
0,55.1011,3,0,0,4,4,0
2,44.4322,2,0,1,4,4,0
4,73.5382,2,0,2,4,2,1
4,51.7064,3,0,2,4,0,1
5,48.3683,6,1,2,4,4,1
4,30.5169,6,1,2,4,3,1
2,94.0892,5,1,2,4,6,0
0,17.1202,2,0,2,4,3,1
3,44.2766,4,0,2,4,4,1
2,53.6722,1,0,0,4,4,0
0,42.404,3,1,2,4,8,1
4,30.1138,7,1,2,4,4,1
2,18.0008,5,1,2,4,2,1
4,68.9513,8,0,0,4,6,0
5,63.3201,6,1,2,4,0,1
5,37.1741,4,1,2,4,2,1
3,42.3446,6,0,0,4,9,0
5,24.39,3,1,2,4,5,1
0,44.9724,4,1,2,4,2,1
0,55.9875,2,0,2,4,1,1
0,38.2051,4,1,2,4,3,1
2,67.8519,8,0,0,4,0,0
3,37.5451,5,1,2,4,0,1
3,24.5385,2,1,2,4,5,1
1,7.9178,2,1,2,4,1,1
1,19.0412,3,0,2,4,4,0
0,44.0276,3,1,2,4,9,1
5,41.1527,5,1,2,4,1,1
1,104.1279,6,0,1,4,5,0
1,46.8732,7,1,2,4,5,1
4,28.2366,9,0,0,4,0,0
1,33.5032,2,0,0,4,4,0
5,81.9809,5,0,2,4,5,0
1,17.1163,7,1,2,4,8,0
0,51.8122,4,1,2,4,0,1
3,16.1291,3,1,2,4,2,1
3,19.3635,4,0,2,4,0,0
0,63.1401,5,1,2,4,0,1
1,55.9479,6,0,0,4,9,0
4,40.4263,8,1,2,4,7,1
1,48.537,6,0,2,4,0,0
1,67.1288,1,0,1,4,4,0
3,2.0,5,1,1,4,8,0
1,82.2725,8,1,2,4,1,0
3,32.6511,2,1,2,4,2,1
2,68.2467,6,0,2,4,6,1
4,59.9734,3,0,2,4,8,1
1,25.4244,7,1,2,4,0,1
0,19.8557,4,1,2,4,8,1
1,45.1447,2,1,2,4,9,1
0,39.5823,7,0,1,4,0,0
0,59.2664,6,0,2,4,0,0
5,70.9569,8,1,2,4,9,1
3,24.0807,3,1,2,4,2,1
4,58.8448,6,1,2,4,0,1
3,46.2854,4,1,2,4,3,1
4,31.0029,7,1,2,4,9,1
3,50.8964,5,1,2,4,2,1
4,63.0719,5,0,1,4,2,0
0,29.6479,6,1,2,4,3,1
3,47.3166,3,0,2,4,7,0
1,57.2802,7,1,1,4,3,0
0,16.4412,7,1,2,4,2,1
2,45.9747,6,1,2,4,7,1
5,51.9502,4,0,2,4,7,0
5,59.7575,5,0,2,4,3,1
3,30.7948,9,0,2,4,8,1
3,6.3788,3,1,2,4,5,1
0,40.9829,7,0,1,4,9,0
2,76.5615,1,1,0,4,2,0
1,60.97,6,0,2,4,7,1
2,44.5527,5,0,2,4,1,1
2,56.6729,2,0,1,4,4,0
1,43.6092,3,1,2,4,3,1
2,50.126,7,0,2,4,9,1
5,56.9722,6,1,2,4,7,1
3,8.0233,6,0,2,4,8,0
3,40.4519,6,1,2,4,5,1
2,104.2639,1,0,1,4,2,0
0,14.1633,3,1,2,4,4,1
4,50.9356,6,1,2,4,2,1
0,57.3639,4,1,2,4,1,1
3,70.8711,6,1,2,4,3,0
5,19.636,4,1,2,4,7,1
2,10.3417,4,0,2,4,9,1
2,45.5478,4,0,2,4,1,1
2,69.5743,1,0,1,4,4,0
1,7.6674,6,1,2,4,3,1
1,40.3409,4,0,2,4,3,1
5,128.9144,8,0,2,4,3,0
5,34.5562,4,1,2,4,4,1
5,97.1072,7,1,0,4,1,0
1,12.7001,5,0,0,4,9,0
3,31.3246,4,0,2,4,7,1
5,56.3915,2,1,2,4,5,1
4,60.5365,4,1,2,4,2,1
3,74.7195,7,0,1,4,6,0
4,88.3647,7,0,2,4,5,0
1,60.0084,3,1,2,4,5,1
5,43.3462,4,0,1,4,7,0
1,39.3688,6,1,2,4,7,1
0,37.7856,4,1,2,4,4,1
1,46.9856,3,1,2,4,7,1
3,58.0365,1,0,2,4,4,0
5,29.8684,9,1,2,4,7,1
4,81.512,7,0,0,4,5,0
5,65.3579,7,1,2,4,0,1
3,68.3779,7,0,1,4,3,0
1,40.6255,3,1,2,4,2,1
4,54.1667,6,0,1,4,7,0
2,71.9212,9,1,2,4,4,1
0,5.0,5,0,2,4,8,1
3,41.2794,6,1,2,4,5,1
4,81.4999,8,0,0,4,1,0
2,18.9525,6,1,2,4,2,1
4,57.9586,7,0,0,4,1,0
0,2.0,5,1,1,4,8,0
0,48.6201,7,1,2,4,0,1
0,18.7949,3,0,1,4,7,0
1,51.177,3,1,2,4,6,1
4,38.0139,7,1,2,4,6,1
5,50.0844,4,1,2,4,3,1
5,45.4452,4,0,2,4,3,1
4,40.2182,5,1,2,4,3,1
5,41.4104,5,1,2,4,7,1
1,68.7617,5,0,1,4,3,0
1,42.4283,6,0,2,4,8,0
0,81.666,6,0,0,4,0,0
1,67.235,5,0,2,4,7,0
0,90.4865,5,0,2,4,2,0
1,62.6651,3,1,2,4,1,1
0,34.5685,4,0,2,4,0,1
3,90.9309,7,0,1,4,6,0
0,76.5503,7,0,1,4,3,0
5,64.3393,7,0,1,4,9,0
2,8.0,8,1,2,4,5,1
4,68.1707,6,0,2,4,9,0
5,93.8937,7,0,0,4,3,0
4,35.0599,3,1,2,4,5,1
3,36.6703,4,1,2,4,8,1
1,87.2824,2,0,1,4,2,0
3,52.2471,7,1,2,4,7,1
1,90.8501,6,1,1,4,2,0
1,45.5314,2,0,2,4,8,1
3,99.2718,4,0,0,4,5,0
5,10.3161,2,1,2,4,2,1
0,61.1743,6,1,2,4,7,1
3,43.5972,2,0,2,4,1,1
5,104.2828,3,0,2,4,2,0
1,48.9429,9,1,2,4,4,1
1,54.2777,5,1,2,4,8,1
2,79.7017,5,0,0,4,1,0
2,27.8619,4,1,2,4,8,1
1,25.0238,6,0,2,4,2,1
2,85.2757,6,0,2,4,3,0
1,77.2877,3,0,0,4,4,0
1,57.8953,3,0,2,4,4,1
4,56.1795,6,1,2,4,6,1
5,91.99,4,0,1,4,5,0
4,33.4399,4,1,2,4,7,1
3,15.8875,3,0,2,4,7,0
3,44.7871,2,0,1,4,7,0
1,67.3572,4,0,0,4,5,0
3,108.3546,2,0,0,4,2,0
5,48.9062,6,1,2,4,6,1
3,62.1935,1,0,1,4,4,0
2,34.4593,4,0,0,4,8,0
2,82.7138,4,0,2,4,4,1
0,21.4402,6,0,2,4,2,1
1,53.0983,2,0,2,4,8,1
0,20.6676,4,1,2,4,5,1
1,49.3386,2,0,2,4,8,1
4,38.297,4,1,2,4,7,1
5,47.5801,4,0,0,4,5,0
0,48.7584,2,0,1,4,7,0
2,30.5708,6,0,2,4,5,1
3,38.8045,4,0,0,4,7,0
4,109.8858,2,0,2,4,6,0
5,29.5996,4,1,2,4,2,1
3,8.0,4,1,2,4,3,1
3,53.2903,6,1,2,4,6,0
3,84.6519,1,1,2,4,8,1
4,32.5978,2,1,2,4,9,1
1,41.4564,7,1,0,4,9,0
5,33.1927,5,1,2,4,8,1
3,8.0,4,1,2,4,4,1
5,102.3607,5,0,0,4,6,0
0,44.6635,3,0,2,4,3,1
4,53.6414,2,1,0,4,2,0
4,34.5498,3,0,2,4,3,1
4,39.5345,7,1,2,4,5,1
0,64.8803,1,0,2,4,4,0
1,81.12,2,0,0,4,2,0
3,70.9461,8,1,2,4,2,1
5,45.6231,5,0,2,4,6,1
5,10.9752,2,1,2,4,4,1
0,54.7772,4,0,2,4,8,1
1,17.8879,2,0,2,4,7,0
4,87.6994,1,0,1,4,2,0
2,88.9694,3,0,1,4,5,0
1,41.3242,4,0,1,4,8,0
1,56.1337,2,1,2,4,2,1
3,46.0779,3,0,2,4,7,0
4,108.2224,2,0,2,4,6,0
5,52.3526,2,1,2,4,2,1
5,71.075,8,0,1,4,9,0
0,8.2966,5,1,2,4,0,1
0,43.7004,1,1,2,4,9,1
0,61.3694,7,1,2,4,1,1
3,83.9674,5,0,2,4,5,0
1,69.0871,8,0,1,4,1,0
4,33.7098,2,0,2,4,4,0
2,55.7174,8,1,2,4,3,1
2,59.0999,4,1,2,4,7,1
5,42.7225,5,0,2,4,3,1
3,48.8435,6,0,2,4,0,1
4,67.5251,8,0,2,4,0,1
3,44.6187,5,1,2,4,0,1
3,31.3476,6,1,2,4,3,1
0,76.2162,4,0,1,4,2,0
5,15.5212,8,1,2,4,7,1
1,23.3081,6,1,2,4,6,1
3,54.5549,2,1,2,4,4,0
2,54.7999,3,1,2,4,1,1
5,42.5757,2,1,2,4,1,1
0,83.4181,1,0,1,4,4,0
0,43.9918,3,0,0,4,9,0
2,47.2558,6,1,1,4,7,0
1,33.3542,2,1,2,4,3,1
0,52.1082,4,0,2,4,0,0
4,29.1475,1,0,2,4,9,1
4,39.7284,3,1,1,4,8,0
1,15.767,5,1,2,4,4,1
4,27.3522,6,1,2,4,5,1
2,24.3564,5,1,2,4,5,1
3,21.3826,4,0,1,4,8,0
4,56.2393,6,0,2,4,0,0
4,52.3073,6,1,2,4,5,1
3,63.6287,4,1,2,4,8,1
4,47.3734,7,0,2,4,2,1
4,22.787,5,1,2,4,4,1
5,20.2467,9,1,2,4,8,1
4,65.3435,6,1,2,4,4,1
2,75.3145,5,0,1,4,3,0
2,55.1503,5,1,2,4,1,1
2,36.1575,7,1,2,4,5,1
3,34.49,7,1,2,4,4,1
4,32.6966,4,0,2,4,1,1
5,63.5435,4,0,0,4,0,0
0,46.1119,6,0,1,4,0,0
3,8.6147,7,0,2,4,5,1
1,24.4856,2,0,2,4,6,1
3,62.6533,5,0,2,4,4,1
1,35.0391,5,1,2,4,8,1
0,10.5213,2,1,2,4,0,1
0,57.691,4,0,2,4,8,1
5,65.6391,1,0,2,4,4,0
1,74.3467,1,1,2,4,5,1
3,54.1023,3,1,2,4,5,1
0,31.0096,10,0,2,4,3,1
3,28.2897,6,0,1,4,8,0
3,45.1419,3,0,2,4,2,1
1,32.0821,8,1,2,4,1,1
1,23.3,5,1,2,4,2,1
3,11.3443,1,0,2,4,2,1
2,32.3035,3,1,2,4,9,1
1,69.1698,4,0,2,4,0,1
2,57.0553,8,0,0,4,6,0
2,81.3267,8,0,0,4,9,0
0,99.8795,6,0,0,4,1,0
3,53.6942,4,1,2,4,6,1
0,65.1425,7,1,2,4,0,1
2,61.5233,6,0,2,4,3,1
3,62.8082,7,0,1,4,0,0
5,52.9641,4,1,2,4,7,1
2,97.1322,4,1,2,4,9,0
2,10.2212,6,0,2,4,8,0
2,8.0,5,0,2,4,4,1
2,96.3412,7,0,1,4,5,0
1,33.285,6,0,1,4,8,0
0,38.6817,5,1,2,4,8,1
4,29.6811,4,0,2,4,6,1
4,37.1597,1,0,1,4,4,0
3,54.2707,3,1,2,4,4,0
4,63.0341,1,1,2,4,4,1
5,74.8761,4,0,1,4,5,0
0,93.4188,4,1,2,4,9,1
4,71.3776,1,1,2,4,5,0
5,76.6301,5,0,1,4,9,0
1,61.7179,5,0,1,4,9,0
5,75.3689,5,1,0,4,6,0
2,52.6639,3,0,1,4,7,0
0,23.0559,3,1,2,4,5,1
2,7.2745,6,1,2,4,4,1
4,58.0467,6,0,1,4,3,0
1,7.8669,5,1,2,4,0,1
3,47.3853,3,1,1,4,4,0
3,49.5583,6,0,2,4,8,1
0,82.401,5,0,2,4,3,1
2,72.4489,8,0,2,4,6,1
4,67.1826,5,0,1,4,5,0
2,58.3897,7,1,2,4,2,1
0,46.8791,9,1,2,4,1,1
2,58.3286,4,0,2,4,7,1
1,36.9308,7,0,2,4,0,1
3,43.0674,3,0,2,4,8,1
2,88.7005,3,0,2,4,9,1
4,17.3761,9,1,2,4,0,1
2,2.0,6,1,2,4,8,0
4,81.3319,8,1,2,4,1,1
0,34.2763,4,0,2,4,4,1
3,36.8352,6,1,2,4,0,1
1,85.3029,3,0,2,4,5,0
2,38.6453,8,0,2,4,8,0
3,51.9034,4,1,2,4,7,1
2,57.3711,2,0,2,4,1,1
3,26.6242,3,1,2,4,6,1
2,14.3465,4,1,2,4,9,1
1,62.8406,6,0,1,4,1,0
4,36.2162,4,1,2,4,6,1
2,25.1547,6,1,2,4,5,1
2,87.8137,2,1,2,4,4,1
2,30.6118,5,1,2,4,0,1
4,30.2648,2,1,2,4,6,1
5,60.8621,6,1,1,4,1,0
3,55.0174,6,0,2,4,7,0
1,65.4929,6,1,2,4,5,1
1,96.0196,4,0,1,4,3,0
1,42.9416,3,1,2,4,6,1
4,61.5557,1,1,2,4,9,1
2,68.1935,6,1,2,4,2,1
5,115.0,6,1,1,4,6,0
5,59.5665,5,0,2,4,9,0
3,34.9521,7,1,2,4,6,1
2,25.4638,1,0,2,4,4,1
1,27.5949,5,1,2,4,1,1
3,33.8122,4,1,2,4,7,1
3,87.3222,6,0,1,4,1,0
0,86.3658,7,0,1,4,9,0
0,26.6079,4,1,2,4,3,1
1,53.3622,6,1,2,4,8,1
0,36.248,7,1,2,4,3,1
1,65.5002,5,1,2,4,9,1
0,66.2599,8,1,2,4,3,1
2,57.688,4,1,2,4,3,1
0,10.1498,2,0,2,4,1,1
5,54.9659,4,1,2,4,0,1
1,56.7259,6,1,2,4,6,1
5,60.086,3,0,2,4,4,0
0,36.4287,5,1,2,4,5,1
1,13.7829,4,1,2,4,0,1
0,89.5239,4,0,0,4,6,0
0,24.8956,7,1,2,4,9,1
1,109.8252,6,0,0,4,3,0
0,89.1915,3,0,0,4,5,0
0,50.1171,5,1,2,4,8,1
0,37.9425,3,0,2,4,3,1
3,38.1186,6,1,2,4,7,1
2,16.3861,5,1,2,4,5,1
5,28.8565,7,1,2,4,8,1
4,42.4978,7,1,2,4,6,1
4,52.3898,3,1,0,4,5,0
4,49.3912,4,0,2,4,6,1
2,55.9656,2,0,0,4,2,0
4,36.8118,4,1,2,4,2,1
1,34.2345,6,1,2,4,3,1
0,19.9963,7,1,2,4,7,1
5,34.7948,4,1,2,4,1,1
2,47.1061,6,1,2,4,7,1
1,54.9075,8,0,0,4,1,0
1,59.9382,3,0,2,4,9,1
1,39.4046,5,1,2,4,6,1
0,86.5126,1,0,1,4,4,0
3,45.061,3,1,2,4,9,1
3,21.3471,2,1,2,4,2,1
1,5.0,3,0,2,4,9,1
4,27.1614,4,1,2,4,0,1
5,13.0703,6,0,2,4,3,1
4,41.7285,6,1,2,4,1,1
2,28.8631,10,1,2,4,2,1
4,91.6443,3,0,0,4,5,0
5,25.6293,7,1,2,4,6,1
5,45.9059,4,1,2,4,8,1
0,34.7576,3,0,2,4,2,1
